City_ID,City,Country,Date,Lat,Lng,Max Temp,Humidity,Cloudiness,Wind Speed
0,Marrakesh,MA,2023-03-31 20:52:48,31.6315,-8.0083,78.87,34,0,11.5
1,Bluff,NZ,2023-03-31 20:49:15,-46.6,168.3333,55.8,91,100,6.49
2,Qaanaaq,GL,2023-03-31 20:50:34,77.484,-69.3632,-11.43,73,3,3.24
3,Mataura,NZ,2023-03-31 20:50:38,-46.1927,168.8643,55.47,97,100,2.35
4,Kapaa,US,2023-03-31 20:49:18,22.0752,-159.319,80.92,85,75,12.66
5,Denpasar,ID,2023-03-31 20:48:27,-8.65,115.2167,74.86,100,75,6.91
6,Aktau,KZ,2023-03-31 20:52:50,43.65,51.2,45.18,58,100,24.45
7,Punta Arenas,CL,2023-03-31 20:48:02,-53.15,-70.9167,50.11,53,0,10.36
8,Saint Anthony,US,2023-03-31 20:52:50,45.0205,-93.218,36.66,90,100,18.41
9,Provideniya,RU,2023-03-31 20:52:50,64.3833,-173.3,15.76,81,32,5.39
10,Khatanga,RU,2023-03-31 20:49:19,71.9667,102.5,-1.21,96,100,14.0
11,Cape Town,ZA,2023-03-31 20:49:19,-33.9258,18.4232,68.38,81,0,16.11
12,Butaritari,KI,2023-03-31 20:49:23,3.0707,172.7902,80.96,79,100,6.87
13,San Ramon,US,2023-03-31 20:52:17,37.7799,-121.978,61.56,51,0,6.91
14,Sao Filipe,CV,2023-03-31 20:49:23,14.8961,-24.4956,75.31,73,7,8.32
15,Codrington,AU,2023-03-31 20:52:51,-38.2667,141.9667,54.09,70,100,11.48
16,Novikovo,RU,2023-03-31 20:52:52,51.1537,37.8879,33.75,98,100,8.32
17,Barrow,US,2023-03-31 20:51:51,71.2906,-156.7887,5.02,85,100,3.44
18,Candido Mendes,BR,2023-03-31 20:51:16,-1.4467,-45.7167,75.27,94,100,4.23
19,Busselton,AU,2023-03-31 20:46:32,-33.65,115.3333,64.35,72,95,12.37
20,Katherine,AU,2023-03-31 20:52:53,-14.4667,132.2667,71.92,88,27,0.0
21,Shelburne,CA,2023-03-31 20:52:53,44.0787,-80.2041,38.23,90,100,6.93
22,Albany,US,2023-03-31 20:49:22,42.6001,-73.9662,45.18,90,100,11.03
23,Rikitea,PF,2023-03-31 20:48:08,-23.1203,-134.9692,79.66,75,96,7.9
24,Vestmannaeyjar,IS,2023-03-31 20:50:38,63.4427,-20.2734,38.79,95,100,19.19
25,Dikson,RU,2023-03-31 20:50:30,73.5069,80.5464,10.76,92,100,24.67
26,Carnarvon,AU,2023-03-31 20:52:54,-24.8667,113.6333,73.22,74,100,4.9
27,Sisimiut,GL,2023-03-31 20:50:42,66.9395,-53.6735,9.66,72,11,9.86
28,Puerto Ayora,EC,2023-03-31 20:46:33,-0.7393,-90.3518,87.76,88,48,5.01
29,Georgetown,MY,2023-03-31 20:52:55,5.4112,100.3354,82.35,83,20,2.3
30,Touros,BR,2023-03-31 20:52:55,-5.1989,-35.4608,79.2,75,64,10.78
31,Jamestown,US,2023-03-31 20:47:57,42.097,-79.2353,48.72,96,100,16.11
32,Marsa Matruh,EG,2023-03-31 20:52:55,31.3525,27.2453,57.4,67,0,3.44
33,Sola,VU,2023-03-31 20:52:55,-13.8833,167.55,82.06,74,91,6.62
34,Tomatlan,MX,2023-03-31 20:52:56,19.9333,-105.25,94.71,17,32,10.67
35,Hobart,AU,2023-03-31 20:49:16,-42.8794,147.3294,47.26,79,20,10.36
36,Praia Da Vitoria,PT,2023-03-31 20:52:56,38.7333,-27.0667,64.65,88,40,12.35
37,Tuatapere,NZ,2023-03-31 20:50:08,-46.1333,167.6833,54.34,84,97,4.7
38,Cherskiy,RU,2023-03-31 20:52:57,68.75,161.3,9.39,92,100,24.14
39,New Norfolk,AU,2023-03-31 20:46:37,-42.7826,147.0587,46.92,71,49,3.09
40,Chama,CH,2023-03-31 20:52:57,47.1821,8.4636,49.35,75,75,5.01
41,Kieta,PG,2023-03-31 20:52:57,-6.2167,155.6333,80.06,83,100,2.93
42,Saint-Philippe,RE,2023-03-31 20:51:45,-21.3585,55.7679,78.39,85,41,9.4
43,Harper,LR,2023-03-31 20:52:58,4.375,-7.7169,79.77,86,56,6.31
44,Hermanus,ZA,2023-03-31 20:48:04,-34.4187,19.2345,58.8,80,11,8.43
45,Gritsovskiy,RU,2023-03-31 20:53:58,54.1376,38.1604,34.21,85,95,5.59
46,Jardim,BR,2023-03-31 20:49:00,-21.4803,-56.1381,84.29,70,35,2.46
47,Shache,CN,2023-03-31 20:53:58,38.4167,77.2406,58.71,26,100,14.34
48,Port Hedland,AU,2023-03-31 20:53:59,-20.3167,118.5667,78.85,89,1,5.75
49,Arica,CL,2023-03-31 20:53:59,-18.475,-70.3042,85.55,61,0,11.5
50,Cidreira,BR,2023-03-31 20:54:00,-30.1811,-50.2056,75.51,83,67,4.23
51,Lydenburg,ZA,2023-03-31 20:54:00,-25.0978,30.4597,55.92,93,97,1.57
52,Saskylakh,RU,2023-03-31 20:54:00,71.9167,114.0833,-3.14,94,100,15.26
53,Zgorzelec,PL,2023-03-31 20:54:00,51.1494,15.0084,50.85,95,97,10.58
54,Nikolskoye,RU,2023-03-31 20:50:29,59.7035,30.7861,30.09,98,100,6.31
55,Halifax,CA,2023-03-31 20:49:20,44.6453,-63.5724,43.21,63,79,17.27
56,Esperance,AU,2023-03-31 20:46:42,-33.8667,121.9,63.68,79,100,14.34
57,Saint-Pierre,RE,2023-03-31 20:54:01,-21.3393,55.4781,78.48,83,0,2.3
58,Cap-Aux-Meules,CA,2023-03-31 20:50:36,47.3821,-61.8597,35.65,93,75,8.05
59,Ballina,AU,2023-03-31 20:54:02,-28.8667,153.5667,61.79,73,100,5.55
60,Benguela,AO,2023-03-31 20:54:02,-12.5763,13.4055,79.27,78,100,3.8
61,Ushuaia,AR,2023-03-31 20:44:55,-54.8,-68.3,49.66,66,20,3.44
62,Havre-Saint-Pierre,CA,2023-03-31 20:54:03,50.2334,-63.5986,32.36,86,100,11.5
63,Avarua,CK,2023-03-31 20:48:07,-21.2078,-159.775,84.25,79,75,2.3
64,Gweta,BW,2023-03-31 20:54:04,-20.1833,25.2333,77.22,48,5,13.11
65,Arraial Do Cabo,BR,2023-03-31 20:49:26,-22.9661,-42.0278,82.36,78,0,10.36
66,Salinopolis,BR,2023-03-31 20:54:05,-0.6136,-47.3561,78.33,85,100,11.79
67,Mandal,IN,2023-03-31 20:54:05,25.45,74.5667,68.72,53,28,4.07
68,East London,ZA,2023-03-31 20:54:06,-33.0153,27.9116,65.19,75,47,4.81
69,Chokurdakh,RU,2023-03-31 20:48:12,70.6333,147.9167,-18.35,98,100,8.43
70,Hilo,US,2023-03-31 20:52:47,19.7297,-155.09,78.62,78,40,12.66
71,Liling,CN,2023-03-31 20:54:07,27.6667,113.5,58.24,90,59,2.64
72,Vaini,TO,2023-03-31 20:48:05,-21.2,-175.2,80.76,83,20,9.22
73,Port Alfred,ZA,2023-03-31 20:50:29,-33.5906,26.891,62.78,78,2,6.69
74,Faanui,PF,2023-03-31 20:50:41,-16.4833,-151.75,82.62,69,100,6.64
75,Tuktoyaktuk,CA,2023-03-31 20:51:43,69.4541,-133.0374,-5.8,77,20,18.41
76,Cay,TR,2023-03-31 20:54:08,38.5917,31.0286,41.97,70,99,5.19
77,Hobyo,SO,2023-03-31 20:54:08,5.3505,48.5268,83.07,76,65,11.9
78,Airai,TL,2023-03-31 20:48:09,-8.9266,125.4092,58.96,94,100,2.55
79,Bintulu,MY,2023-03-31 20:54:09,3.1667,113.0333,75.61,94,40,4.61
80,Saint-Joseph,RE,2023-03-31 20:54:09,-21.3667,55.6167,77.38,84,21,5.93
81,Shitanjing,CN,2023-03-31 20:54:09,39.2342,106.3439,49.08,18,77,6.64
82,Nanortalik,GL,2023-03-31 20:47:12,60.1432,-45.2371,27.91,82,64,2.06
83,Ahipara,NZ,2023-03-31 20:54:10,-35.1667,173.1667,66.15,94,100,9.73
84,Jieshi,CN,2023-03-31 20:54:10,22.8134,115.8257,68.25,90,100,10.42
85,Thompson,CA,2023-03-31 20:49:27,55.7435,-97.8558,23.16,39,75,2.3
86,Avera,US,2023-03-31 20:54:11,33.194,-82.5271,80.65,48,98,11.63
87,Lompoc,US,2023-03-31 20:47:06,34.6391,-120.4579,64.78,70,75,14.0
88,Linqing,CN,2023-03-31 20:55:11,36.8456,115.7117,50.45,64,55,9.15
89,Safford,US,2023-03-31 20:52:20,32.834,-109.7076,65.75,15,0,3.0
90,Yulara,AU,2023-03-31 20:55:12,-25.2406,130.9889,61.21,71,100,14.05
91,Itarema,BR,2023-03-31 20:55:12,-2.9248,-39.9167,78.28,82,52,8.75
92,Poum,NC,2023-03-31 20:55:12,-20.2333,164.0167,80.29,78,55,11.56
93,Yellowknife,CA,2023-03-31 20:49:16,62.456,-114.3525,5.56,51,75,11.5
94,Viedma,AR,2023-03-31 20:52:42,-40.8135,-62.9967,61.59,33,20,5.82
95,Enid,US,2023-03-31 20:55:13,36.3956,-97.8784,75.02,12,0,34.52
96,Victoria,HK,2023-03-31 20:46:13,22.2855,114.1577,69.21,92,100,11.01
97,Haines Junction,CA,2023-03-31 20:55:13,60.7522,-137.5108,33.75,64,100,3.44
98,Altamira,BR,2023-03-31 20:55:14,-3.2033,-52.2064,78.89,94,75,4.61
99,Dingle,PH,2023-03-31 20:55:14,10.9995,122.6711,76.03,90,100,7.05
100,Vila Franca Do Campo,PT,2023-03-31 20:55:14,37.7167,-25.4333,63.01,95,100,7.23
101,Vardo,NO,2023-03-31 20:50:32,70.3705,31.1107,15.78,86,0,14.97
102,Ponta Do Sol,PT,2023-03-31 20:55:15,32.6667,-17.1,71.71,64,0,4.85
103,Kruisfontein,ZA,2023-03-31 20:51:41,-34.0033,24.7314,54.88,87,0,3.91
104,Kailua,US,2023-03-31 20:48:13,21.4022,-157.7394,82.38,81,40,10.36
105,Lebu,CL,2023-03-31 20:49:15,-37.6167,-73.65,59.77,60,3,9.73
106,Hithadhoo,MV,2023-03-31 20:51:47,-0.6,73.0833,82.22,74,30,5.37
107,Katsuura,JP,2023-03-31 20:50:32,35.1333,140.3,57.81,73,0,4.07
108,Kaitangata,NZ,2023-03-31 20:49:16,-46.2817,169.8464,50.94,98,100,2.04
109,Van Buren,US,2023-03-31 20:55:16,35.4368,-94.3483,84.22,26,75,27.63
110,Marevo,RU,2023-03-31 20:55:17,57.3146,32.0804,31.06,87,97,5.82
111,Kodiak,US,2023-03-31 20:50:31,57.79,-152.4072,35.11,55,0,34.52
112,Pisco,PE,2023-03-31 20:52:18,-13.7,-76.2167,80.65,69,0,20.71
113,Muisne,EC,2023-03-31 20:55:18,0.6,-80.0333,79.52,86,99,8.03
114,Lagunas,PE,2023-03-31 20:55:18,-5.2269,-75.6753,75.81,94,91,4.09
115,Conakry,GN,2023-03-31 20:55:08,9.538,-13.6773,80.67,69,75,6.91
116,Sitka,US,2023-03-31 20:51:52,57.0531,-135.33,44.49,57,100,11.5
117,Kaka,TM,2023-03-31 20:55:18,37.3482,59.6143,69.66,30,13,7.2
118,Sinnamary,GF,2023-03-31 20:55:19,5.3833,-52.95,80.06,75,100,9.46
119,Ayolas,PY,2023-03-31 20:55:19,-27.4,-56.9,90.32,46,60,7.99
120,Asau,RO,2023-03-31 20:55:19,46.4333,26.4,42.28,91,20,5.26
121,Veraval,IN,2023-03-31 20:55:20,20.9,70.3667,75.45,76,3,9.53
122,Mantena,BR,2023-03-31 20:55:20,-18.7817,-40.9803,79.3,57,8,0.54
123,Ribeira Grande,PT,2023-03-31 20:49:20,38.5167,-28.7,63.0,94,40,11.99
124,Methoni,GR,2023-03-31 20:55:21,36.8197,21.7049,57.22,84,89,7.65
125,Kargasok,RU,2023-03-31 20:55:21,59.0556,80.8572,3.0,97,31,3.47
126,Bredasdorp,ZA,2023-03-31 20:48:02,-34.5322,20.0403,62.01,83,60,3.47
127,Aden,YE,2023-03-31 20:55:22,12.7794,45.0367,83.23,73,10,5.75
128,Arlit,NE,2023-03-31 20:55:08,18.7369,7.3853,78.71,12,0,14.52
129,Upington,ZA,2023-03-31 20:55:22,-28.4478,21.2561,67.91,20,12,7.83
130,Talnakh,RU,2023-03-31 20:50:39,69.4865,88.3972,1.2,97,100,16.28
131,Bowling Green,US,2023-03-31 20:55:22,36.9903,-86.4436,69.15,80,75,8.05
132,Homer,US,2023-03-31 20:55:23,59.6425,-151.5483,37.27,83,20,3.44
133,Mayo,US,2023-03-31 20:56:23,38.8876,-76.5119,67.1,52,40,10.36
134,Aklavik,CA,2023-03-31 20:56:23,68.2191,-135.0107,8.29,80,52,7.94
135,Luderitz,NA,2023-03-31 20:56:24,-26.6481,15.1594,62.01,81,0,3.56
136,Lavrentiya,RU,2023-03-31 20:56:24,65.5833,-171.0,7.66,86,27,6.96
137,Ilulissat,GL,2023-03-31 20:56:24,69.2167,-51.1,-12.24,92,1,2.64
138,Tiksi,RU,2023-03-31 20:56:24,71.6872,128.8694,-12.87,95,100,11.01
139,Leningradskiy,RU,2023-03-31 20:51:49,69.3833,178.4167,3.63,87,30,7.87
140,Morkov,CZ,2023-03-31 20:56:25,49.5368,18.0597,50.25,81,0,12.66
141,Constitucion,CL,2023-03-31 20:56:25,-35.3333,-72.4167,67.87,48,54,15.46
142,Imbituba,BR,2023-03-31 20:56:25,-28.24,-48.6703,74.71,80,0,1.95
143,Mahebourg,MU,2023-03-31 20:56:25,-20.4081,57.7,80.26,89,75,10.36
144,Huarmey,PE,2023-03-31 20:56:26,-10.0681,-78.1522,80.19,75,79,10.58
145,Tasiilaq,GL,2023-03-31 20:48:12,65.6145,-37.6368,30.36,78,100,7.0
146,Cabo San Lucas,MX,2023-03-31 20:47:05,22.8909,-109.9124,88.61,53,90,1.99
147,Pangnirtung,CA,2023-03-31 20:51:50,66.1451,-65.7125,6.53,93,14,0.78
148,Shenjiamen,CN,2023-03-31 20:56:26,29.9576,122.298,52.11,83,13,4.38
149,Bambous Virieux,MU,2023-03-31 20:49:14,-20.3428,57.7575,80.22,89,75,10.36
150,Hovd,MN,2023-03-31 20:56:27,48.0056,91.6419,12.99,68,100,7.38
151,Chuy,UY,2023-03-31 20:48:07,-33.6971,-53.4616,63.59,53,3,16.64
152,Bengkulu,ID,2023-03-31 20:49:12,-3.8004,102.2655,74.46,89,74,3.8
153,Morant Bay,JM,2023-03-31 20:47:28,17.8815,-76.4093,85.62,70,54,11.83
154,Maceio,BR,2023-03-31 20:56:28,-9.6658,-35.7353,81.84,74,20,9.22
155,Awjilah,LY,2023-03-31 20:56:28,29.1081,21.2869,64.83,26,0,5.35
156,Severomorsk,RU,2023-03-31 20:56:29,69.0689,33.4162,-1.8,100,60,6.11
157,Nizwa,OM,2023-03-31 20:51:47,22.9333,57.5333,74.08,11,4,1.63
158,Mar Del Plata,AR,2023-03-31 20:47:12,-38.0023,-57.5575,59.02,63,40,20.71
159,Zapolyarnyy,RU,2023-03-31 20:56:30,69.4154,30.8136,7.88,99,84,5.88
160,Najran,SA,2023-03-31 20:56:30,17.4924,44.1277,79.45,51,52,5.19
161,Coquimbo,CL,2023-03-31 20:54:04,-29.9533,-71.3436,69.53,73,20,11.5
162,Torres,BR,2023-03-31 20:56:30,-29.3353,-49.7269,82.83,84,9,3.76
163,Ormond Beach,US,2023-03-31 20:52:59,29.2858,-81.0559,82.63,60,40,17.27
164,Jilib,SO,2023-03-31 20:56:31,0.4883,42.7854,79.65,76,13,6.4
165,Sioux Lookout,CA,2023-03-31 20:52:52,50.1001,-91.917,30.27,27,40,5.75
166,Iqaluit,CA,2023-03-31 20:46:33,63.7506,-68.5145,15.53,79,75,10.36
167,Kavaratti,IN,2023-03-31 20:56:32,10.5669,72.642,80.51,73,4,9.78
168,Nelson Bay,AU,2023-03-31 20:56:32,-32.7167,152.15,63.0,81,5,8.99
169,Laguna,US,2023-03-31 20:56:32,38.421,-121.4238,63.14,56,20,6.91
170,Vila,PT,2023-03-31 20:56:32,42.0304,-8.1588,45.48,98,87,3.6
171,Savannah Bight,HN,2023-03-31 20:56:33,16.45,-85.85,79.18,78,0,24.61
172,Nouadhibou,MR,2023-03-31 20:56:33,20.931,-17.0347,87.78,27,0,14.97
173,Sorland,NO,2023-03-31 20:56:33,67.667,12.6934,35.46,61,65,13.31
174,Saint George,US,2023-03-31 20:56:33,37.1041,-113.5841,59.25,40,0,5.01
175,Namatanai,PG,2023-03-31 20:56:34,-3.6667,152.4333,78.98,83,100,6.58
176,Correntina,BR,2023-03-31 20:57:34,-13.3433,-44.6367,82.53,30,8,3.94
177,Grindavik,IS,2023-03-31 20:57:34,63.8424,-22.4338,40.95,81,100,13.8
178,Sept-Iles,CA,2023-03-31 20:54:02,50.2001,-66.3821,32.05,79,40,10.36
179,New Richmond,US,2023-03-31 20:54:00,45.123,-92.5366,37.08,98,100,17.27
180,Mount Gambier,AU,2023-03-31 20:55:32,-37.8333,140.7667,50.63,73,93,5.5
181,Waverly,US,2023-03-31 20:57:35,42.7392,-84.6208,57.29,90,100,9.22
182,Khor,RU,2023-03-31 20:57:35,47.8861,134.9464,31.96,69,15,5.32
183,Klaksvik,FO,2023-03-31 20:57:35,62.2266,-6.589,43.72,89,100,21.81
184,Castro,BR,2023-03-31 20:46:41,-24.7911,-50.0119,71.2,74,0,2.24
185,Puerto Madryn,AR,2023-03-31 20:57:36,-42.7692,-65.0385,56.93,39,73,23.15
186,Caravelas,BR,2023-03-31 20:57:36,-17.7125,-39.2481,78.66,74,9,7.61
187,Mehriz,IR,2023-03-31 20:57:36,31.5917,54.4318,64.9,37,24,8.23
188,Kontagora,NG,2023-03-31 20:57:36,10.3999,5.4695,87.12,11,96,3.62
189,Penticton,CA,2023-03-31 20:57:37,49.4806,-119.5858,50.74,37,100,13.8
190,Talaya,RU,2023-03-31 20:57:37,61.3833,152.75,9.54,94,82,2.57
191,Sao Joao Da Barra,BR,2023-03-31 20:47:12,-21.6403,-41.0511,86.09,80,5,9.06
192,Praia,CV,2023-03-31 20:57:37,14.9215,-23.5087,79.34,69,0,4.61
193,Hami,CN,2023-03-31 20:57:38,42.8,93.45,46.98,38,100,31.38
194,Solenzo,BF,2023-03-31 20:57:38,12.1833,-4.0833,89.49,7,7,6.35
195,Jalu,LY,2023-03-31 20:57:38,29.0331,21.5482,64.54,27,0,5.26
196,Palimanan,ID,2023-03-31 20:57:38,-6.7069,108.4242,76.44,86,96,3.02
197,Verkhoyansk,RU,2023-03-31 20:57:39,67.5447,133.385,-27.58,100,56,0.63
198,Coihaique,CL,2023-03-31 20:57:39,-45.5752,-72.0662,48.81,66,0,3.44
199,Lagoa,PT,2023-03-31 20:51:42,39.05,-27.9833,61.32,89,100,12.84
200,Fonte Boa,BR,2023-03-31 20:57:39,-2.4959,-66.2662,80.65,92,79,1.59
201,Atuona,PF,2023-03-31 20:43:25,-9.8,-139.0333,80.2,77,7,11.1
202,Ketchikan,US,2023-03-31 20:57:40,55.3422,-131.6461,39.67,87,100,8.05
203,Ekhabi,RU,2023-03-31 20:57:40,53.5102,142.9671,28.38,95,88,5.21
204,Banjar,ID,2023-03-31 20:57:40,-8.19,114.9675,76.35,88,100,6.2
205,Kedrovyy,RU,2023-03-31 20:57:40,56.1667,91.8167,3.61,99,95,2.13
206,Ostrovnoy,RU,2023-03-31 20:47:04,68.0531,39.5131,12.83,91,92,7.05
207,Kachiry,KZ,2023-03-31 20:57:41,53.0675,76.1036,23.27,66,2,6.55
208,Hambantota,LK,2023-03-31 20:57:41,6.1241,81.1185,78.8,79,7,2.98
209,Kati,ML,2023-03-31 20:57:42,12.7441,-8.0726,89.01,7,6,3.71
210,Ancud,CL,2023-03-31 20:57:42,-41.8697,-73.8203,53.8,62,100,8.16
211,Innisfail,AU,2023-03-31 20:57:42,-17.5333,146.0333,74.17,92,77,2.62
212,Longyearbyen,SJ,2023-03-31 20:48:11,78.2186,15.6401,13.84,73,75,9.22
213,Batouri,CM,2023-03-31 20:57:42,4.4333,14.3667,73.8,63,94,2.86
214,Ust-Omchug,RU,2023-03-31 20:57:43,61.15,149.6333,14.52,96,81,5.7
215,Padang,ID,2023-03-31 20:57:43,-0.9492,100.3543,73.45,87,100,3.31
216,Mangai,CD,2023-03-31 20:57:43,-4.05,19.5333,68.67,92,99,1.9
217,Manta,EC,2023-03-31 20:50:30,-0.95,-80.7333,74.98,94,100,12.66
218,Taltal,CL,2023-03-31 20:57:44,-25.4,-70.4833,72.34,75,25,4.76
219,Pevek,RU,2023-03-31 20:50:35,69.7008,170.3133,14.11,95,100,6.06
220,Oroville,US,2023-03-31 20:57:44,39.5138,-121.5564,60.58,55,40,11.5
221,Maryville,US,2023-03-31 20:56:08,35.7565,-83.9705,71.31,57,100,15.01
222,Loreto,MX,2023-03-31 20:58:45,22.2667,-101.9667,81.5,14,100,8.3
223,Te Anau,NZ,2023-03-31 20:58:45,-45.4167,167.7167,52.61,88,92,0.72
224,Strangnas,SE,2023-03-31 20:56:52,59.3774,17.0312,27.95,86,4,7.4
225,Port Moresby,PG,2023-03-31 20:58:45,-9.4431,147.1797,74.62,94,20,5.75
226,Broome,US,2023-03-31 20:51:46,42.2506,-75.833,43.86,88,100,14.0
227,Gizo,SB,2023-03-31 20:58:46,-8.103,156.8419,82.31,75,87,5.1
228,Ilhabela,BR,2023-03-31 20:58:46,-23.7781,-45.3581,77.09,89,90,1.41
229,Aiquile,BO,2023-03-31 20:58:46,-18.2041,-65.1807,67.21,69,52,10.63
230,Marsh Harbour,BS,2023-03-31 20:58:46,26.5412,-77.0636,74.46,68,78,21.09
231,Giyani,ZA,2023-03-31 20:58:47,-23.3025,30.7187,67.51,83,38,2.13
232,Lillesand,NO,2023-03-31 20:58:47,58.2488,8.3778,37.89,56,75,14.97
233,Teya,RU,2023-03-31 20:58:47,60.3778,92.6267,-12.3,100,100,1.32
234,Zyryanskoye,RU,2023-03-31 20:58:47,56.8306,86.6258,3.6,97,24,3.89
235,Gazanjyk,TM,2023-03-31 20:58:47,39.2446,55.5154,53.38,74,92,16.84
236,Margate,GB,2023-03-31 20:49:20,51.3813,1.3862,49.89,91,100,7.0
237,Brae,GB,2023-03-31 20:57:37,60.3964,-1.353,42.89,80,78,4.18
238,Andenes,NO,2023-03-31 20:58:48,69.3143,16.1194,32.94,74,20,11.5
239,Taoudenni,ML,2023-03-31 20:58:48,22.6783,-3.9836,84.09,7,0,13.33
240,Carlyle,US,2023-03-31 20:58:48,38.6103,-89.3726,71.51,77,100,15.01
241,Tecoanapa,MX,2023-03-31 20:58:49,16.5167,-98.75,87.1,49,10,11.45
242,Belyy Yar,RU,2023-03-31 20:58:49,53.6039,91.3903,13.89,66,0,11.18
243,Hailey,US,2023-03-31 20:58:49,43.5196,-114.3153,39.06,60,40,28.01
244,Ugoofaaru,MV,2023-03-31 20:58:50,5.6667,73.0,82.72,67,93,4.38
245,Lasa,IT,2023-03-31 20:57:24,46.6166,10.7002,42.03,91,98,4.34
246,Boshnyakovo,RU,2023-03-31 20:58:50,49.6333,142.1667,29.07,91,69,4.52
247,Bonthe,SL,2023-03-31 20:58:50,7.5264,-12.505,78.73,82,16,5.93
248,Okhotsk,RU,2023-03-31 20:58:51,59.3833,143.3,24.73,95,100,3.83
249,Dhanera,IN,2023-03-31 20:58:51,24.5167,72.0167,73.4,66,15,8.01
250,Iracoubo,GF,2023-03-31 20:58:51,5.4802,-53.2011,80.04,74,100,8.75
251,Kazanka,UA,2023-03-31 20:58:51,47.8462,32.8218,43.77,91,100,12.17
252,Saint-Augustin,CA,2023-03-31 20:58:52,51.226,-58.6502,33.13,69,39,4.54
253,Lamlash,GB,2023-03-31 20:58:52,55.5336,-5.1296,46.49,90,88,13.58
254,Mecca,SA,2023-03-31 20:58:44,21.4267,39.8261,69.13,57,50,10.18
255,Tongliao,CN,2023-03-31 20:58:53,43.6125,122.2653,53.13,31,86,12.57
256,Puerto Ayacucho,VE,2023-03-31 20:58:53,5.6639,-67.6236,90.73,45,100,2.08
257,Olinda,BR,2023-03-31 20:58:53,-8.0089,-34.8553,82.13,69,40,6.91
258,Zinder,NE,2023-03-31 20:58:53,13.8072,8.9881,78.6,12,98,10.8
259,Soyo,AO,2023-03-31 20:58:53,-6.1349,12.3689,80.51,80,86,10.6
260,Bindura,ZW,2023-03-31 20:58:54,-17.3019,31.3306,62.38,87,88,1.57
261,Tupelo,US,2023-03-31 20:55:30,34.2576,-88.7034,73.69,57,75,15.01
262,Kenitra,MA,2023-03-31 20:58:54,34.261,-6.5802,59.76,89,93,3.0
263,Bakel,SN,2023-03-31 20:58:54,14.905,-12.4568,91.65,7,14,8.97
264,Olafsvik,IS,2023-03-31 20:57:10,64.8945,-23.7142,39.99,95,100,6.58
265,Telenesti,MD,2023-03-31 20:58:55,47.4997,28.3656,42.91,90,49,2.17
266,Port Elizabeth,ZA,2023-03-31 20:58:55,-33.918,25.5701,60.31,86,0,3.44
267,Natal,BR,2023-03-31 20:56:00,-5.795,-35.2094,83.05,61,40,12.66
268,Port-Gentil,GA,2023-03-31 20:58:55,-0.7193,8.7815,82.36,83,20,5.75
269,Alice Springs,AU,2023-03-31 20:55:08,-23.7,133.8833,58.55,100,75,8.05
270,Marzuq,YE,2023-03-31 20:59:56,14.4,46.4667,74.07,72,30,8.1
271,San Jose,US,2023-03-31 20:55:56,37.3394,-121.895,64.99,48,20,5.99
272,Galiakot,IN,2023-03-31 20:59:56,23.5167,74.0,75.6,42,4,6.44
273,Port Hardy,CA,2023-03-31 20:57:25,50.6996,-127.4199,44.78,76,100,19.57
274,Kelo,TD,2023-03-31 20:59:56,9.3086,15.8066,88.45,15,7,3.22
275,Makakilo City,US,2023-03-31 20:57:11,21.3469,-158.0858,80.92,76,75,11.5
276,Tulun,RU,2023-03-31 20:59:57,54.5611,100.5792,12.27,88,99,2.82
277,Havoysund,NO,2023-03-31 20:55:06,70.9963,24.6622,28.63,68,100,32.26
278,Cam Ranh,VN,2023-03-31 20:59:57,11.9214,109.1591,75.16,88,20,3.44
279,Inhambane,MZ,2023-03-31 20:59:57,-23.865,35.3833,73.78,81,100,5.61
280,Clyde River,CA,2023-03-31 20:59:58,70.4692,-68.5914,-0.17,78,75,12.66
281,Waspan,NI,2023-03-31 20:59:58,14.7419,-83.9717,89.02,39,13,11.21
282,Nuuk,GL,2023-03-31 20:59:58,64.1835,-51.7216,22.87,49,6,11.99
283,Hadejia,NG,2023-03-31 20:59:58,12.4498,10.0444,81.9,14,30,8.37
284,Kavieng,PG,2023-03-31 20:59:59,-2.5744,150.7967,80.96,74,100,3.85
285,Mount Isa,AU,2023-03-31 20:46:31,-20.7333,139.5,71.37,35,81,5.75
286,Caala,AO,2023-03-31 20:59:59,-12.8525,15.5606,62.13,96,100,3.13
287,Tamworth,GB,2023-03-31 20:56:04,52.634,-1.6959,51.37,91,100,8.84
288,Ishigaki,JP,2023-03-31 20:59:59,24.3448,124.1572,68.13,88,100,2.3
289,Caceres,ES,2023-03-31 21:00:00,39.522,-6.3748,57.0,49,100,11.81
290,Lazaro Cardenas,MX,2023-03-31 20:51:42,17.9583,-102.2,85.96,44,19,11.43
291,Fare,PF,2023-03-31 20:51:44,-16.7,-151.0167,82.56,70,100,7.23
292,Camacupa,AO,2023-03-31 21:00:00,-12.0167,17.4833,61.66,97,100,3.0
293,Ville-Marie,CA,2023-03-31 21:00:01,47.3335,-79.433,31.6,99,100,6.8
294,Mana,GF,2023-03-31 21:00:02,5.6592,-53.7767,79.57,77,100,7.72
295,Flinders,AU,2023-03-31 21:00:03,-34.5833,150.8552,61.18,83,41,4.0
296,Ouallam,NE,2023-03-31 21:00:05,14.3188,2.0866,85.08,7,0,8.97
297,The Pas,CA,2023-03-31 21:00:06,53.8251,-101.2541,35.62,48,40,9.22
298,Ambam,CM,2023-03-31 21:00:06,2.3833,11.2833,69.19,98,62,2.51
299,Sale,MA,2023-03-31 21:00:07,34.0389,-6.8166,61.75,100,75,4.61
300,Lumeje,AO,2023-03-31 21:00:07,-11.55,20.7833,65.01,96,100,4.03
301,Wladyslawowo,PL,2023-03-31 20:58:41,54.7909,18.4009,46.54,98,100,5.97
302,Jablah,SY,2023-03-31 21:00:08,35.3614,35.9256,46.69,71,40,9.22
303,Pyay,MM,2023-03-31 21:00:08,18.8167,95.2167,77.77,61,4,2.06
304,Nioro,GM,2023-03-31 21:00:09,13.35,-15.75,81.99,48,47,13.56
305,Salamanca,ES,2023-03-31 21:00:13,40.8333,-6.0,51.8,72,100,12.77
306,Gunjur,GM,2023-03-31 21:00:15,13.2019,-16.7339,75.27,83,76,6.91
307,Salvador,SV,2023-03-31 21:00:15,13.8333,-88.9167,90.05,13,3,7.81
308,Micheweni,TZ,2023-03-31 21:00:15,-4.9667,39.8333,83.08,73,8,10.04
309,Vidim,RU,2023-03-31 21:00:16,56.4088,103.1106,2.93,98,92,2.51
310,Buala,SB,2023-03-31 21:00:19,-8.145,159.5921,82.27,75,63,3.94
311,Ngaoundere,CM,2023-03-31 21:00:22,7.3167,13.5833,78.89,21,96,2.55
312,Porto Santo,PT,2023-03-31 21:00:24,33.072,-16.3415,64.78,88,20,8.05
313,Bethel,US,2023-03-31 20:49:26,41.3712,-73.414,48.88,57,100,9.22
314,Bom Jesus,BR,2023-03-31 21:00:36,-9.0744,-44.3586,84.0,42,94,4.5
315,Tessalit,ML,2023-03-31 21:00:36,20.1986,1.0114,79.77,8,0,13.31
316,Elat,IL,2023-03-31 21:01:36,29.5581,34.9482,62.44,36,0,9.22
317,Yermakovskoye,RU,2023-03-31 21:01:37,53.2831,92.4003,14.4,78,100,7.72
318,Quimper,FR,2023-03-31 21:01:37,48.0,-4.1,52.38,87,100,17.27
319,Cap Malheureux,MU,2023-03-31 21:01:37,-19.9842,57.6142,80.47,75,14,5.01
320,Talara,PE,2023-03-31 21:01:37,-4.5772,-81.2719,84.96,65,40,12.66
321,Zemio,CF,2023-03-31 21:01:37,5.0314,25.1361,71.91,79,41,4.99
322,Gillette,US,2023-03-31 21:01:38,44.2911,-105.5022,28.06,87,100,13.8
323,Braco Do Norte,BR,2023-03-31 21:00:49,-28.275,-49.1656,76.64,82,0,2.06
324,Kjollefjord,NO,2023-03-31 21:01:38,70.9457,27.3465,30.02,86,100,33.38
325,Shimoda,JP,2023-03-31 21:01:39,34.6667,138.95,51.1,70,0,5.28
326,Ayan,RU,2023-03-31 21:01:39,56.45,138.1667,15.98,98,100,0.47
327,College,US,2023-03-31 21:01:39,64.8569,-147.8028,24.58,69,75,4.61
328,Hinesburg,US,2023-03-31 21:01:40,44.3292,-73.1107,37.2,90,100,3.44
329,Santa Teresa,VE,2023-03-31 21:01:40,10.2341,-66.6631,83.21,59,96,7.96
330,Karratha,AU,2023-03-31 20:59:45,-20.7377,116.8463,81.39,73,68,6.58
331,Bara,NG,2023-03-31 21:01:41,10.3744,10.7288,83.59,12,95,8.32
332,Cayenne,GF,2023-03-31 21:01:41,4.9333,-52.3333,82.44,74,75,9.22
333,Marawi,PH,2023-03-31 21:01:42,7.9986,124.2928,68.13,95,98,0.98
334,Faya,SA,2023-03-31 21:01:42,18.3851,42.4509,60.91,82,11,6.46
335,Black River,JM,2023-03-31 21:01:42,18.0264,-77.8487,81.03,69,91,8.25
336,Pala,TD,2023-03-31 21:01:42,9.3642,14.9046,85.14,13,40,1.83
337,Houma,US,2023-03-31 21:01:42,29.5958,-90.7195,82.4,76,100,13.0
338,Teknaf,BD,2023-03-31 21:01:43,20.8624,92.3058,73.81,92,11,2.35
339,Ixtapa,MX,2023-03-31 21:00:41,20.7,-105.2,90.28,21,26,9.06
340,Elizabeth City,US,2023-03-31 21:01:43,36.2946,-76.2511,75.22,53,96,1.99
341,Tramandai,BR,2023-03-31 21:01:44,-29.9847,-50.1336,74.52,87,75,1.59
342,Upernavik,GL,2023-03-31 21:01:44,72.7868,-56.1549,-15.83,94,27,8.86
343,La Ronge,CA,2023-03-31 21:01:44,55.1001,-105.2842,34.05,51,75,9.22
344,Arkhara,RU,2023-03-31 21:01:44,49.4212,130.0842,37.92,46,33,15.46
345,Grand-Santi,GF,2023-03-31 21:01:45,4.25,-54.3833,79.65,78,99,3.18
346,Corinto,GR,2023-03-31 21:01:45,37.9407,22.9573,58.89,82,24,8.03
347,Starosubkhangulovo,RU,2023-03-31 21:01:45,53.1031,57.4423,35.96,86,100,6.62
348,Mahibadhoo,MV,2023-03-31 21:01:45,3.7833,72.9667,81.81,78,3,6.53
349,Svetlogorsk,BY,2023-03-31 21:01:46,52.6333,29.7333,36.19,100,100,4.36
350,Jawar,IN,2023-03-31 21:01:46,23.0,76.5,70.61,41,0,5.91
351,Dongkan,CN,2023-03-31 21:01:46,33.9997,119.8308,46.2,56,100,3.42
352,Gao,ML,2023-03-31 21:01:46,16.6362,1.637,79.0,7,0,14.0
353,Gat,IL,2023-03-31 20:57:42,31.61,34.7642,54.39,65,44,5.21
354,Matane,CA,2023-03-31 21:01:47,48.8286,-67.522,31.84,72,32,7.16
355,Doha,QA,2023-03-31 21:00:27,25.2867,51.5333,75.09,61,0,8.05
356,Panaba,MX,2023-03-31 21:01:47,21.2833,-88.2667,96.1,27,17,16.4
357,Waddan,LY,2023-03-31 21:01:48,29.1614,16.139,66.29,17,0,5.79
358,Champasak,LA,2023-03-31 21:01:13,14.75,106.0,70.38,97,16,2.48
359,Bubaque,GW,2023-03-31 21:02:48,11.2833,-15.8333,78.12,76,0,6.35
360,Nisia Floresta,BR,2023-03-31 21:02:49,-6.0911,-35.2086,83.21,74,14,7.63
361,Tiarei,PF,2023-03-31 21:02:49,-17.5333,-149.3333,87.82,72,100,6.49
362,Malanje,AO,2023-03-31 21:02:49,-9.5402,16.341,64.06,92,97,2.13
363,Riyadh,SA,2023-03-31 20:59:48,24.6877,46.7219,68.14,30,6,22.88
364,Mpika,ZM,2023-03-31 21:02:50,-11.8343,31.4529,62.58,98,100,1.25
365,Sinegorye,RU,2023-03-31 21:02:50,62.0788,150.477,15.12,89,99,4.94
366,Lorengau,PG,2023-03-31 21:02:50,-2.0226,147.2712,80.49,79,100,3.27
367,Uige,AO,2023-03-31 21:02:50,-7.6087,15.0613,66.67,98,78,1.59
368,Aranos,NA,2023-03-31 20:59:37,-24.1333,19.1167,72.91,18,18,12.95
369,Peniche,PT,2023-03-31 21:02:51,39.3558,-9.3811,59.29,86,100,7.96
370,Tabuk,PH,2023-03-31 21:02:51,17.4189,121.4443,71.89,94,62,1.52
371,Natitingou,BJ,2023-03-31 21:02:51,10.3042,1.3796,85.6,24,30,5.46
372,Parczew,PL,2023-03-31 21:02:52,51.6402,22.9006,50.61,88,100,10.13
373,Angoche,MZ,2023-03-31 21:02:52,-16.2325,39.9086,77.5,77,100,8.63
374,Fairbanks,US,2023-03-31 21:00:00,64.8378,-147.7164,24.6,69,75,4.61
375,Wapi Pathum,TH,2023-03-31 21:02:53,15.8452,103.3768,85.44,62,99,9.55
376,Komsomolskiy,UZ,2023-03-31 21:02:53,40.4272,71.7189,59.72,58,98,9.22
377,Jumla,NP,2023-03-31 21:02:53,29.2747,82.1838,37.11,85,73,4.47
378,Todos Santos,MX,2023-03-31 21:02:53,23.45,-110.2167,76.44,59,83,10.02
379,Samarai,PG,2023-03-31 21:02:54,-10.6167,150.6667,81.97,79,100,4.27
380,Zhangjiakou,CN,2023-03-31 21:02:54,40.81,114.8794,48.24,45,60,5.88
381,Almaznyy,RU,2023-03-31 21:02:54,48.0448,40.045,35.65,86,54,13.6
382,San Patricio,US,2023-03-31 21:02:54,28.017,-97.5169,91.18,47,100,13.31
383,Melfort,CA,2023-03-31 21:02:54,52.8667,-104.6177,28.53,59,82,13.8
384,Hofn,IS,2023-03-31 20:59:20,64.2539,-15.2082,44.46,96,100,17.63
385,San Vicente,AR,2023-03-31 20:58:55,-26.6167,-54.1333,80.73,53,51,4.0
386,Gori,GE,2023-03-31 21:02:55,41.9842,44.1158,33.64,75,98,13.31
387,Hamilton,US,2023-03-31 21:01:19,39.1834,-84.5333,59.99,88,100,7.0
388,Yaguajay,CU,2023-03-31 21:02:55,22.3272,-79.2378,83.75,57,36,20.69
389,Singkang,MY,2023-03-31 21:02:55,2.1006,102.7994,73.51,97,91,2.84
390,Moose Factory,CA,2023-03-31 21:02:56,51.2585,-80.6094,28.4,68,40,9.22
391,Mocuba,MZ,2023-03-31 21:02:56,-16.8392,36.9856,69.53,93,100,2.19
392,Crestview,US,2023-03-31 21:02:56,30.7621,-86.5705,77.18,76,100,14.97
393,Husavik,IS,2023-03-31 21:02:56,66.0449,-17.3389,37.04,98,100,11.56
394,Port Said,EG,2023-03-31 21:02:57,31.2565,32.2841,58.98,72,40,12.66
395,Montrose,US,2023-03-31 21:00:08,38.4166,-108.2673,36.81,46,86,14.61
396,Gravelbourg,CA,2023-03-31 21:02:57,49.8834,-106.5512,32.27,87,66,12.41
397,Brunsbuttel,DE,2023-03-31 21:02:57,53.9,9.15,50.32,95,100,3.0
398,Toora-Khem,RU,2023-03-31 21:02:57,52.4675,96.11,4.71,93,10,2.84
399,Concarneau,FR,2023-03-31 21:02:58,47.875,-3.9225,52.59,87,61,22.32
400,Chicama,PE,2023-03-31 21:02:58,-7.8447,-79.1469,84.74,62,90,11.1
401,Norman Wells,CA,2023-03-31 21:01:02,65.282,-126.8329,15.84,62,100,23.02
402,Srisailam,IN,2023-03-31 21:02:58,16.0833,78.8667,75.65,78,66,3.22
403,Vaitape,PF,2023-03-31 21:02:58,-16.5167,-151.75,82.6,70,100,6.76
404,Srivardhan,IN,2023-03-31 21:02:59,18.0333,73.0167,76.06,78,9,6.06
405,Asosa,ET,2023-03-31 21:02:13,10.0667,34.5333,72.27,16,100,2.93
406,Torbay,CA,2023-03-31 21:02:59,47.6666,-52.7314,32.58,75,20,9.22
407,Severo-Yeniseyskiy,RU,2023-03-31 21:02:59,60.3725,93.0408,-16.49,100,100,1.99
408,Bathsheba,BB,2023-03-31 21:04:00,13.2167,-59.5167,83.01,65,40,21.85
409,Narasannapeta,IN,2023-03-31 21:04:00,18.4167,84.05,80.33,79,99,4.94
410,Souillac,MU,2023-03-31 21:01:05,-20.5167,57.5167,79.18,89,75,10.36
411,Eureka,US,2023-03-31 21:00:11,40.8021,-124.1637,57.74,55,100,7.0
412,Dubrovka,RU,2023-03-31 21:00:17,53.6907,33.5071,33.31,67,84,6.71
413,Edson,CA,2023-03-31 21:04:01,53.5835,-116.4356,50.14,22,0,3.44
414,Miles City,US,2023-03-31 21:04:01,46.4083,-105.8406,32.97,80,100,4.61
415,Saint-Francois,FR,2023-03-31 21:04:01,46.4154,3.9054,49.44,74,75,13.8
416,Henties Bay,NA,2023-03-31 21:04:02,-22.116,14.2845,59.23,92,1,4.27
417,Shanghai,CN,2023-03-31 21:01:11,31.2222,121.4581,55.27,67,99,3.0
418,Les Cayes,HT,2023-03-31 20:59:37,18.2,-73.75,81.46,62,6,11.74
419,Kalmunai,LK,2023-03-31 21:04:03,7.4167,81.8167,77.49,84,19,4.47
420,Pontianak,ID,2023-03-31 21:04:03,-0.0333,109.3333,73.38,100,100,1.14
421,Nemuro,JP,2023-03-31 21:04:03,43.3236,145.575,35.58,89,100,17.05
422,Itanhem,BR,2023-03-31 21:04:04,-17.1664,-40.33,82.67,56,41,12.08
423,Aksarka,RU,2023-03-31 21:04:04,66.5606,67.7975,32.11,91,100,20.92
424,Meulaboh,ID,2023-03-31 21:04:04,4.1363,96.1285,76.26,89,100,2.91
425,Nhulunbuy,AU,2023-03-31 21:04:04,-12.2333,136.7667,75.81,94,100,0.0
426,Wanaka,NZ,2023-03-31 20:59:53,-44.7,169.15,51.12,91,100,1.99
427,Grafton,US,2023-03-31 21:04:05,42.207,-71.6856,48.11,49,100,14.97
428,Latung,PH,2023-03-31 21:04:05,5.5,120.8833,81.75,75,81,2.95
429,Northam,GB,2023-03-31 21:04:05,51.0333,-4.2167,50.4,96,100,23.55
430,Road Town,VG,2023-03-31 20:59:41,18.4167,-64.6167,80.64,61,20,12.66
431,Gushikawa,JP,2023-03-31 21:04:06,26.3544,127.8686,70.83,83,40,9.22
432,Gold Coast,AU,2023-03-31 20:59:32,-28.0,153.4333,69.01,75,100,4.61
433,Alta Floresta,BR,2023-03-31 21:04:07,-9.8756,-56.0861,93.02,55,40,2.3
434,Quepos,CR,2023-03-31 21:04:07,9.4236,-84.1652,85.12,60,74,4.81
435,Bilibino,RU,2023-03-31 21:04:07,68.0546,166.4372,16.34,95,100,0.81
436,Pleasanton,US,2023-03-31 21:04:07,37.6624,-121.8747,63.39,50,0,1.01
437,Port Lincoln,AU,2023-03-31 21:04:07,-34.7333,135.8667,58.77,64,95,13.29
438,Ashqelon,IL,2023-03-31 21:04:08,31.6693,34.5715,54.09,58,15,7.27
439,Serenje,ZM,2023-03-31 20:59:36,-13.2325,30.2352,61.43,99,100,3.91
440,Arawa,PG,2023-03-31 21:04:08,-6.2132,155.5367,78.26,89,100,1.79
441,Mantua,IT,2023-03-31 21:04:09,45.1667,10.7833,55.09,85,99,1.99
442,Behbahan,IR,2023-03-31 21:04:09,30.5959,50.2417,63.91,60,8,13.78
443,Mercedes,AR,2023-03-31 21:04:09,-34.6515,-59.4307,67.64,25,0,14.38
444,Smithers,CA,2023-03-31 21:04:09,54.7804,-127.1743,39.52,65,100,9.22
445,Port Blair,IN,2023-03-31 21:04:10,11.6667,92.75,77.4,84,100,5.32
446,Plattsburgh,US,2023-03-31 21:00:59,44.6995,-73.4529,36.32,88,100,8.05
447,Nova Borova,UA,2023-03-31 21:04:10,50.693,28.6345,43.27,92,96,7.63
448,Carman,CA,2023-03-31 21:04:10,49.4992,-98.0016,30.88,50,6,12.66
449,Iralaya,HN,2023-03-31 21:04:11,15.0,-83.2333,81.84,67,0,13.98
450,Markova,UA,2023-03-31 21:04:11,48.6758,24.4138,43.09,86,89,5.23
451,Caiaponia,BR,2023-03-31 21:04:11,-16.9567,-51.8103,79.21,61,9,1.97
452,Naze,JP,2023-03-31 21:05:11,28.3667,129.4833,61.72,86,6,5.23
453,La Primavera,CO,2023-03-31 21:05:12,5.4906,-70.4092,91.98,37,100,10.16
454,Yar-Sale,RU,2023-03-31 21:05:12,66.8333,70.8333,29.12,93,100,23.85
455,Ifakara,TZ,2023-03-31 21:05:12,-8.1333,36.6833,74.23,85,76,1.19
456,Moree,AU,2023-03-31 21:00:30,-29.4667,149.85,60.24,57,100,5.68
457,Fortuna,US,2023-03-31 21:05:13,40.5982,-124.1573,56.35,52,100,12.01
458,Sarapul,RU,2023-03-31 21:05:13,56.4763,53.7978,42.57,85,100,10.45
459,Askarovo,RU,2023-03-31 21:05:13,53.3372,58.5089,29.35,93,75,8.95
460,Rincon,US,2023-03-31 21:04:43,32.296,-81.2354,76.96,46,55,14.7
461,Ryomgard,DK,2023-03-31 21:05:14,56.3843,10.503,41.61,96,75,16.11
462,Plainview,US,2023-03-31 21:05:14,40.7765,-73.4673,52.02,66,100,11.5
463,Narsaq,GL,2023-03-31 21:05:14,60.9167,-46.05,34.02,71,52,3.53
464,Shelabolikha,RU,2023-03-31 21:05:15,53.4131,82.6167,14.47,90,12,3.94
465,Vernon,CA,2023-03-31 21:03:23,50.2581,-119.2691,52.41,36,100,6.91
466,Caxito,AO,2023-03-31 21:05:15,-8.5785,13.6643,75.79,91,89,1.59
467,Amapa,BR,2023-03-31 21:05:15,1.0,-52.0,73.78,98,100,3.47
468,Opuwo,NA,2023-03-31 21:05:16,-18.0607,13.84,70.36,38,56,5.77
469,Presidente Dutra,BR,2023-03-31 21:04:52,-5.29,-44.49,75.2,94,99,3.91
470,Felanitx,ES,2023-03-31 21:05:16,39.4696,3.1483,66.96,75,100,8.12
471,Topchanchi,IN,2023-03-31 21:05:16,23.9,86.2,70.14,69,98,7.49
472,Kurchum,KZ,2023-03-31 21:05:16,48.5722,83.6542,20.79,65,1,12.53
473,Takoradi,GH,2023-03-31 21:05:17,4.8845,-1.7554,80.26,84,36,5.03
474,Tucurui,BR,2023-03-31 21:05:17,-3.7661,-49.6725,75.99,93,98,2.08
475,Rawson,AR,2023-03-31 21:05:15,-43.3002,-65.1023,58.96,31,94,24.0
476,Baruun-Urt,MN,2023-03-31 21:05:17,46.6806,113.2792,46.06,63,100,4.65
477,Kushmurun,KZ,2023-03-31 21:04:54,52.4503,64.6311,29.14,75,100,12.97
478,Ambovombe,MG,2023-03-31 21:05:18,-25.1667,46.0833,74.23,87,92,10.4
479,Pierre,US,2023-03-31 21:05:18,44.3683,-100.351,25.86,91,100,24.16
480,Tyukhtet,RU,2023-03-31 21:05:18,56.5389,89.3011,-1.59,100,75,3.2
481,Tongzi,CN,2023-03-31 21:05:18,28.7829,105.0877,56.95,93,34,1.79
482,Dzhebariki-Khaya,RU,2023-03-31 21:05:19,62.2167,135.8,20.77,96,100,6.02
483,Camacha,PT,2023-03-31 21:04:16,33.0833,-16.3333,62.02,88,20,8.05
484,Whakatane,NZ,2023-03-31 21:05:19,-37.9585,176.9854,64.78,90,100,1.99
485,Saldanha,ZA,2023-03-31 21:05:19,-33.0117,17.9442,62.2,87,5,14.65
486,Hoquiam,US,2023-03-31 21:05:20,46.9809,-123.8893,46.38,89,100,13.8
487,Ust-Tsilma,RU,2023-03-31 21:05:20,65.441,52.1498,31.96,99,100,2.37
488,Dawlatabad,AF,2023-03-31 21:05:21,36.4141,64.9053,67.06,42,3,2.71
489,Merauke,ID,2023-03-31 21:05:04,-8.4667,140.3333,77.43,90,98,7.99
490,Nushki,PK,2023-03-31 21:05:21,29.5542,66.0215,67.48,30,25,6.04
491,Arman,RU,2023-03-31 21:05:22,59.7,150.1667,28.02,97,100,3.6
492,Srednekolymsk,RU,2023-03-31 21:05:22,67.45,153.6833,4.08,91,100,15.61
493,Amahai,ID,2023-03-31 21:04:38,-3.3333,128.9167,77.68,86,100,3.69
494,Kot Addu,PK,2023-03-31 21:05:23,30.4692,70.9671,63.86,79,88,7.67
495,Evensk,RU,2023-03-31 21:04:19,61.95,159.2333,21.94,91,100,3.76
496,Hervey Bay,AU,2023-03-31 21:00:37,-25.2986,152.8535,69.93,71,69,7.9
497,Rimavska Sobota,SK,2023-03-31 21:05:23,48.3828,20.0224,50.9,90,100,5.41
498,Qiongshan,CN,2023-03-31 21:05:23,20.0058,110.3542,73.38,100,75,2.24
499,Carutapera,BR,2023-03-31 21:05:24,-1.195,-46.02,76.26,90,100,7.58
500,Goure,NE,2023-03-31 21:05:24,13.9835,10.2704,78.4,12,100,9.75
501,Shigony,RU,2023-03-31 21:05:24,53.3875,48.6777,37.71,78,12,12.33
502,Murgab,TM,2023-03-31 21:06:25,37.4966,61.9714,66.07,39,55,11.5
503,Florianopolis,BR,2023-03-31 21:06:25,-27.6146,-48.5012,76.62,67,0,9.22
504,Varnavino,RU,2023-03-31 21:06:25,57.4035,45.0916,35.69,86,91,9.64
505,Mackay,AU,2023-03-31 21:06:25,-21.15,149.2,77.68,92,83,5.41
506,Kuching,MY,2023-03-31 21:06:26,1.55,110.3333,79.02,95,20,2.3
507,Biu,NG,2023-03-31 21:06:26,10.6129,12.1946,84.33,14,100,9.28
508,Launceston,AU,2023-03-31 21:06:26,-41.45,147.1667,42.15,80,4,4.61
509,Mareeba,AU,2023-03-31 21:06:27,-17.0,145.4333,73.44,94,30,2.01
510,Ambilobe,MG,2023-03-31 21:06:27,-13.2,49.05,74.46,96,29,1.39
511,Xining,CN,2023-03-31 21:05:04,36.6167,101.7667,42.17,35,90,1.77
512,Bull Savanna,JM,2023-03-31 21:06:27,17.8868,-77.5902,78.46,70,80,15.03
513,Salalah,OM,2023-03-31 21:06:28,17.0151,54.0924,82.49,74,40,6.91
514,Ahuimanu,US,2023-03-31 21:06:28,21.4447,-157.8378,82.11,79,75,11.5
515,Verkh-Usugli,RU,2023-03-31 21:06:28,52.7,115.1667,24.49,61,0,10.89
516,San Rafael,AR,2023-03-31 21:06:29,-34.6177,-68.3301,65.43,28,0,10.29
517,Lahij,YE,2023-03-31 21:06:29,13.1667,44.5833,79.95,70,25,5.21
518,Bilma,NE,2023-03-31 21:06:29,18.6853,12.9164,77.92,11,3,11.72
519,Maragogi,BR,2023-03-31 21:06:15,-9.0122,-35.2225,77.79,73,5,4.16
520,Loiza,PR,2023-03-31 21:06:30,18.4313,-65.8802,83.62,65,20,17.27
521,Neyshabur,IR,2023-03-31 21:04:57,36.2133,58.7958,61.75,32,23,7.02
522,Tromso,NO,2023-03-31 21:06:31,69.6496,18.957,30.22,80,75,6.91
523,Robertsport,LR,2023-03-31 21:06:31,6.7533,-11.3686,79.57,87,14,7.52
524,Sabha,LY,2023-03-31 21:06:32,27.0377,14.4283,65.57,14,0,7.09
525,Majene,ID,2023-03-31 21:06:32,-3.5403,118.9707,76.41,87,100,2.28
526,Oyama,JP,2023-03-31 21:06:32,36.3,139.8,56.59,48,0,3.76
527,Lindi,TZ,2023-03-31 21:06:32,-10.0,39.7167,74.03,97,68,3.96
528,Tiznit,MA,2023-03-31 21:06:33,29.5833,-9.5,72.88,18,0,2.8
529,Karpathos,GR,2023-03-31 21:06:33,35.507,27.2132,57.16,77,14,0.0
530,Beringovskiy,RU,2023-03-31 21:06:34,63.05,179.3167,19.47,86,38,7.47
531,Buritizeiro,BR,2023-03-31 21:06:34,-17.3511,-44.9622,81.5,27,2,4.65
532,Dubasari,MD,2023-03-31 21:06:34,47.2631,29.1608,41.79,90,46,2.17
533,Manzanillo,CU,2023-03-31 21:06:33,20.3433,-77.1167,89.94,40,43,0.94
534,Isangel,VU,2023-03-31 21:06:35,-19.55,169.2667,79.95,71,100,3.47
